State,Date,AUM,Accounts with a full withdrawal,Accounts with a partial withdrawal,Accounts with a withdrawal,Average account balance,Employers able to process payroll contributions,Funded accounts,Percent of accounts with a full withdrawal,Percent of accounts with a partial withdrawal,Percent of accounts with a withdrawal,Registered employers,Average participating employees per employer,Percent of registered employers able to process payroll contributions,AUM per civilian labor force,Funded accounts per 100k civilian labor force,Accounts with a withdrawal per 100k civilian labor force,Accounts with a full withdrawal per 100k civilian labor force,Accounts with a partial withdrawal per 100k civilian labor force,Registered employers per 100k civilian labor force
California,2018-03-01,,,,,,,,,,,,,,,,,,,
California,2018-04-01,,,,,,,,,,,,,,,,,,,
California,2018-05-01,,,,,,,,,,,,,,,,,,,
California,2018-06-01,,,,,,,,,,,,,,,,,,,
California,2018-07-01,,,,,,,,,,,,,,,,,,,
California,2018-08-01,,,,,,,,,,,,,,,,,,,
California,2018-09-01,,,,,,,,,,,,,,,,,,,
California,2018-10-01,,,,,,,,,,,,,,,,,,,
California,2018-11-01,,,,,,,,,,,,,,,,,,,
California,2018-12-01,,,,,,,,,,,,,,,,,,,
California,2019-01-01,,,,,,,,,,,,,,,,,,,
California,2019-02-01,,,,,,,,,,,,,,,,,,,
California,2019-03-01,,,,,,,,,,,,,,,,,,,
California,2019-04-01,,,,,,,,,,,,,,,,,,,
California,2019-05-01,,,,,,,,,,,,,,,,,,,
California,2019-06-01,308826,66,4,,187.850364963504,45,1644,4.01459854014599,0.24330900243309,,64,25.6875,70.3125,0.0159928369722433,8.51360441878855,,0.341787038710489,0.0207143659824539,0.331429855719262
California,2019-07-01,,,,,,,,,,,,,,,,,,,
California,2019-08-01,,,,,,,,,,,,,,,,,,,
California,2019-09-01,723687.19,177,19,,316.712118161926,78,2285,7.74617067833698,0.831509846827134,,230,9.93478260869565,33.9130434782609,0.0370890751649524,11.710658682782,,0.907127609125786,0.0973752800756493,1.17875339038944
California,2019-10-01,,,,,,,,,,,,,,,,,,,
California,2019-11-01,,,,,,,,,,,,,,,,,,,
California,2019-12-01,1421847.18,382,60,,377.94980861244,142,3762,10.154173312068,1.59489633173844,,628,5.99044585987261,22.6114649681529,0.0728723238068411,19.2809526943209,,1.9578213527992,0.307511207245948,3.21861730250759
California,2020-01-01,,,,,,,,,,,,,,,,,,,
California,2020-02-01,,,,,,,,,,,,,,,,,,,
California,2020-03-01,2865372.68,727,146,,482.061352624495,293,5944,12.2308209959623,2.45625841184388,,1710,3.47602339181287,17.1345029239766,0.148101282519509,30.7224965687871,,3.75761356081902,0.75462390629928,8.838403286108
California,2020-04-01,,,,,,,,,,,,,,,,,,,
California,2020-05-01,,,,,,,,,,,,,,,,,,,
California,2020-06-01,5222590.99,1143,91,,345.409457010582,555,15120,7.55952380952381,0.601851851851852,,1885,8.02122015915119,29.4429708222812,0.274840923424154,79.5696000343539,,6.01508285973985,0.47889111131787,9.91988730587017
California,2020-07-01,6885596.45,1608,101,,361.258995278069,645,19060,8.43651626442812,0.5299055613851,,1957,9.73939703628002,32.9586101175268,0.361047746355333,99.941524245625,,8.43158294789953,0.529595695110605,10.2615720329847
California,2020-08-01,8746853.59,2004,119,,395.910631874349,736,22093,9.07074639025936,0.538632145928575,,2249,9.82347710093375,32.7256558470431,0.461334689916665,116.52495608228,,10.5696832475848,0.627640871488316,11.8618850418254
California,2020-09-01,11026726.47,2513,143,,400.33134148998,855,27544,9.12358408364798,0.519169329073483,,3500,7.86971428571429,24.4285714285714,0.588798825406112,147.077873846869,,13.4187734888608,0.763583210866334,18.6890995666585
California,2020-10-01,14517387.64,3409,182,,334.687099778679,1127,43376,7.85918480265585,0.419586868314275,,4851,8.94166151309008,23.2323232323232,0.775366325837542,231.669020512076,,18.2072964525468,0.972052788020977,25.9089454653284
California,2020-11-01,19879193.05,4790,231,,294.904138171461,1622,67409,7.10587606996098,0.342684211307096,,5937,11.3540508674415,27.3201953848745,1.06368847398598,360.689572069532,,25.6301539885335,1.23602621531341,31.7674789624058
California,2020-12-01,28369064.31,6929,295,,295.455688620884,2203,96018,7.21635526672082,0.307234060280364,,,,,1.52201663017623,515.142097036831,,37.1744838506134,1.58269198093967,
California,2021-01-01,35846458.11,9477,350,,336.330660342838,2537,106581,8.89182874996482,0.328388737204567,,,,,1.92503552860442,572.363972598319,,50.893624269938,1.87957882182951,
California,2021-02-01,43843396.4,11539,438,,374.448247471987,2885,117088,9.85498086908991,0.374077616835201,,,,,2.33207520955668,622.80307767528,,61.377124157002,2.32976691054397,
California,2021-03-01,54756571.53,13693,497,,425.069256858514,3280,128818,10.6297256594575,0.385815646881647,,,,,2.90589709189902,683.629089851177,,72.6678967794265,2.63754799528043,
California,2021-04-01,66177283.14,15483,570,,477.504027274695,3676,138590,11.1718017172956,0.411285085504005,,,,,3.51833584601455,736.818046560797,,82.3158511790232,3.03042273280651,
California,2021-05-01,77240691.25,17410,721,,520.612619216122,3978,148365,11.734573518013,0.485963670677046,,,,,4.09326190414996,786.239471166318,,92.2618487716482,3.82083819439163,
California,2021-06-01,0,19515,904,,0,4312,158335,12.3251334196482,0.570941358512016,,,,,0,834.965101638617,,102.910562784461,4.76716109439675,
California,2021-07-01,0,21466,1069,,0,4750,167696,12.8005438412365,0.637463028336991,,,,,0,877.936714697111,,112.380674063115,5.59652196839049,
California,2021-08-01,117086372,23306,1271,,649.084313171127,5396,180387,12.9199997782545,0.704596229218292,,,,,6.14670829345733,946.981488957474,,122.350006273417,6.67239586258959,
California,2021-09-01,126145383,25102,1477,,651.503357056533,5929,193622,12.9644358595614,0.762826538306597,,,,,6.61221838008192,1014.9170082493,,131.57826456226,7.74205628071302,
California,2021-10-01,144760876,27000,1702,,718.444781926826,6277,201492,13.4000357334286,0.84469854882576,,,,,7.5766253833105,1054.58701544055,,141.315036909132,8.90808121553124,
California,2021-11-01,154303495,28973,1995,,738.177680079222,6566,209033,13.8604909272699,0.95439476063588,,,,,8.06136313779389,1092.06270459556,,151.365252090565,10.4225892355185,
California,2021-12-01,173022007,30686,2237,,794.072324821471,7059,217892,14.0831237493804,1.02665540726599,,,,,9.07165501937417,1142.42175880059,,160.888670031735,11.7287347605094,
California,2022-01-01,177257196,33316,2554,,781.891708534956,7368,226703,14.6958796310591,1.12658412107471,,,,,9.25568978589287,1183.75597091769,,173.963352611539,13.3360068006324,
California,2022-02-01,187206191,35465,2811,,800.14613724275,8160,233965,15.1582501656231,1.20146175710042,,,,,9.71581611972894,1214.25520508154,,184.059841635359,14.5888119226559,
California,2022-03-01,204725602,37590,3099,,841.128384430183,8963,243394,15.4440947599366,1.27324420486947,,,,,10.6168781963334,1262.21851418387,,194.93822340802,16.0711240846357,
California,2022-04-01,204517022,39833,3412,,812.636426127762,9932,251671,15.8274095942719,1.35573824556663,,,,,10.7116080650805,1318.13043578685,,208.625903058745,17.8703984444164,
California,2022-05-01,221629703,42066,3784,,844.908746073378,11358,262312,16.0366281374851,1.4425569550764,,,,,11.5613149838401,1368.35072871124,,219.437317979989,19.7392386068625,
California,2022-06-01,223049153,44540,4153,,805.63296154763,13755,276862,16.0874370625077,1.50002528335416,,,,,11.6534937886982,1446.50161362709,,232.705036700416,21.6978899285323,
California,2022-07-01,256256844,47256,4548,,854.497098955624,18607,299892,15.7576727621944,1.51654595654436,,,,,13.3476456553858,1562.04692464134,,246.142242776903,23.6891594749736,
California,2022-08-01,270576561,63004,10548,,807.445377825259,26467,335102,18.8014395616857,3.14769831275254,,,,,14.08295940774,1744.13772058123,,327.922999407642,54.9001936028158,
California,2022-09-01,272215635,67323,5436,,755.657067430608,31051,360237,18.6885300510497,1.50900657067431,,,,,14.1187372059535,1868.40536726006,,349.177498535823,28.1943597587857,
California,2022-10-01,310311431,56921,5838,,832.378215187191,32279,372801,15.268467627501,1.56598292386555,,,,,16.0898563337126,1932.99825009166,,295.139212055406,30.2704225150552,
California,2022-11-01,359143381,59985,6357,,933.237485578272,33099,384836,15.5871592054797,1.65187248594206,,,,,18.619982712623,1995.2030432088,,310.995474817532,32.9582101094449,
California,2022-12-01,372979988,62713,6864,,941.935258048549,33802,395972,15.8377360015355,1.73345590092229,,,,,19.378269570037,2057.28253661339,,325.82697695452,35.6620855295685,
California,2023-01-01,423386300,67169,7509,,1050.35178248034,34290,403090,16.6635242749758,1.86285941104964,,,,,21.9690727298427,2091.59189295267,,348.532922815594,38.9634164186202,
California,2023-02-01,435932787,70401,8055,,1062.65975750071,34450,410228,17.1614321791784,1.9635422252991,,,,,22.398883736751,2107.81330323747,,361.730950498799,41.3878042395396,
California,2023-03-01,473667874,73607,8607,,1135.93504322697,34417,416985,17.6521937239949,2.06410302528868,,,,,24.2826469316408,2137.6791812548,,377.347270272605,44.1239006512466,
California,2023-04-01,501206338,77283,9260,,1191.26654370695,34173,420734,18.3686129478483,2.20091554283704,,,,,25.9286572601805,2176.56219736487,,399.804285603135,47.9042957013189,
California,2023-05-01,518998980,81314,10032,,1222.31585740091,33954,424603,19.1505947908988,2.36267760708238,,,,,26.7587068311349,2189.18102625565,,419.24118757746,51.7232898858386,
California,2023-06-01,569092855,84235,10719,,1320.37348408038,34070,431009,19.543675422091,2.4869550287813,,,,,29.3420172392574,2222.25132457077,,434.309585937227,55.2663910685717,
California,2023-07-01,606937395,87283,11425,,1387.01282719283,34482,437586,19.9464790921099,2.61091534007029,,,,,31.1295251585846,2244.3574095553,,447.670281449167,58.5982718920836,
California,2023-08-01,615499350,90320,12145,,1378.97359895686,35223,446346,20.2354227437907,2.72098327306619,,,,,31.4971160534599,2284.09855542457,,462.196998574978,62.1499396334489,
California,2023-09-01,613688748,92881,12798,,1348.01100042833,35933,455255,20.4019725208949,2.81117176088126,,119045,3.82422613297493,30.1843840564492,31.2994001900847,2321.89501273649,,473.712382462528,65.2724569153588,607.15421421229
California,2023-10-01,614558520,96194,13530,,1327.48070530143,36241,462951,20.7784409149132,2.92255551883461,,121661,3.80525394333435,29.7885106977585,31.394206821074,2364.9463751675,,491.398985233561,69.1168708049367,621.4950198817
California,2023-11-01,688601053,99156,14238,,1461.0580730443,36729,471303,21.0386948523561,3.02098649913113,,124571,3.78340865851603,29.4843904279487,35.1054678084474,2402.7428105784,,505.505728004516,72.5865359164175,635.073561289791
California,2023-12-01,749976251,101772,14879,,1564.50393433048,37407,479370,21.2303648538707,3.10386549012245,,131250,3.65234285714286,28.5005714285714,38.5511470665915,2464.1131428723,,523.140210643969,76.4827574791851,674.666437202973
California,2024-01-01,765695409,106689,15769,,1579.21253189071,38040,484859,22.0041290354515,3.25228571605353,,133569,3.630026428288,28.4796621970667,39.2668098030894,2486.48038247753,,547.128351801546,80.8674463117901,684.975834638816
California,2024-02-01,811686357,110456,16489,,1648.21125765283,38732,492465,22.4292081670779,3.34825825185546,,134007,3.6749199668674,28.9029677554158,41.3519464372995,2508.89843430554,,562.726052530948,84.0043988573079,682.708319344488
California,2024-03-01,857021031,113346,17173,,1753.59617737691,39061,488722,23.1923261076849,3.51385859445656,,134175,3.64242220980063,29.1119806223216,43.575110843057,2484.89996757624,,576.306103930038,87.3158710743259,682.210854329335
California,2024-04-01,858491021,116778,17998,,1699.03009006834,38917,505283,23.1114048958702,3.56196428536088,,134255,3.76360656958773,28.9873747718893,44.0030865015417,2589.89447913614,,598.560999448943,92.2511163753625,688.141661794327
California,2024-05-01,907415315,120296,18873,,1774.41998916672,38766,511387,23.5234763496139,3.69055138280793,,134337,3.80674721037391,28.8572768485227,46.4701471983901,2618.89222856494,,616.054494008351,96.651563355553,687.960635113386
California,2024-06-01,940562084,122914,19602,,1823.00318059623,38622,515941,23.8232666138183,3.79927162214284,,134595,3.8332850403061,28.6949738103198,48.0095490074955,2633.54170297133,,627.39566128495,100.055402578287,687.019534232454
California,2024-07-01,984708724,126223,20519,,1895.26702106775,38290,519562,24.2941169677536,3.9492880541687,,134862,3.85254556509617,28.3919858818644,49.834907780933,2629.4399273015,,638.799211535442,103.84415694046,682.520137107284
California,2024-08-01,984708724,126224,20520,,1895.26702106775,38290,519562,24.2943094375647,3.94948052397981,,134862,3.85254556509617,28.3919858818644,49.9290834816311,2634.40892109769,,640.011455142282,104.04546726074,683.80993205253
California,2024-09-01,1074113277,131234,21990,,2020.25169041873,38417,531673,24.6832169397355,4.13600088776372,,136497,3.89512590020294,28.1449409144523,54.3275403387496,2689.14712936036,,663.768019768688,111.223149143617,690.387730270865
California,2024-10-01,1064547889,134282,22839,,2024.29017830827,38639,525887,25.5343828617174,4.34294819989846,,138207,3.80506776067782,27.9573393532889,53.9698659919309,2666.11311808243,,680.77553109764,115.787911669017,700.674281187438
California,2024-11-01,1123260733,136757,23612,,2110.02004899069,38876,532346,25.6894951779482,4.43546114744922,,139484,3.81653809755958,27.8712970663302,57.0276007396332,2702.70421207191,,694.311068234415,119.877395256923,708.15596307033
California,2024-12-01,1111340561,139160,24342,,2061.43562723748,39126,539110,25.8129138765744,4.51521952848213,,145839,3.69661064598633,26.8282146750869,56.6134022409388,2746.30948902373,,708.902503185884,124.001902360957,742.926359313928
California,2025-01-01,1158434319,143736,25271,,2146.98620735669,39430,539563,26.6393359070211,4.68360506558085,,147090,3.66825073084506,26.8067169760011,58.7960872627055,2738.54052071874,,729.529008264148,128.262422551367,746.552163866906
California,2025-02-01,1179428365,147757,26103,,2161.05929486005,39893,545764,27.0734236776336,4.78283653740445,,149650,3.64693618443034,26.6575342465753,59.7567292342507,2765.15916876406,,748.623257120425,132.253043041037,758.214300696899
California,2025-03-01,1169518207,151072,26869,,2117.5415661778,40001,552300,27.3532500452653,4.86492848089806,,153019,3.60935570092603,26.1411981518635,58.9357536208389,2783.21590292175,,761.300005225774,135.401463146124,771.111559386536
California,2025-04-01,1198416588,154543,27686,,2183.65992664141,40227,548811,28.1596032149501,5.04472395779239,,154796,3.5453823096204,25.9871056099641,60.470515456073,2769.22769513291,,779.803531067937,139.699892982192,781.080135594575
California,2025-05-01,1270574194,157558,28478,,2288.0901892494,40402,555299,28.3735429021122,5.12840829895246,,157186,3.53275100835952,25.7033069102846,64.1444871550151,2803.4072894678,,795.425969998086,143.770172086505,793.547941203361
California,2025-06-01,1341772721,160288,29281,,2386.87162076823,40391,562147,28.5135382737967,5.20877990988122,,159225,3.53051970482022,25.3672476055896,67.8746379321823,2843.66521188669,,810.829568569954,148.120262261035,805.452298709516
Colorado,2018-03-01,,,,,,,,,,,,,,,,,,,
Colorado,2018-04-01,,,,,,,,,,,,,,,,,,,
Colorado,2018-05-01,,,,,,,,,,,,,,,,,,,
Colorado,2018-06-01,,,,,,,,,,,,,,,,,,,
Colorado,2018-07-01,,,,,,,,,,,,,,,,,,,
Colorado,2018-08-01,,,,,,,,,,,,,,,,,,,
Colorado,2018-09-01,,,,,,,,,,,,,,,,,,,
Colorado,2018-10-01,,,,,,,,,,,,,,,,,,,
Colorado,2018-11-01,,,,,,,,,,,,,,,,,,,
Colorado,2018-12-01,,,,,,,,,,,,,,,,,,,
Colorado,2019-01-01,,,,,,,,,,,,,,,,,,,
Colorado,2019-02-01,,,,,,,,,,,,,,,,,,,
Colorado,2019-03-01,,,,,,,,,,,,,,,,,,,
Colorado,2019-04-01,,,,,,,,,,,,,,,,,,,
Colorado,2019-05-01,,,,,,,,,,,,,,,,,,,
Colorado,2019-06-01,,,,,,,,,,,,,,,,,,,
Colorado,2019-07-01,,,,,,,,,,,,,,,,,,,
Colorado,2019-08-01,,,,,,,,,,,,,,,,,,,
Colorado,2019-09-01,,,,,,,,,,,,,,,,,,,
Colorado,2019-10-01,,,,,,,,,,,,,,,,,,,
Colorado,2019-11-01,,,,,,,,,,,,,,,,,,,
Colorado,2019-12-01,,,,,,,,,,,,,,,,,,,
Colorado,2020-01-01,,,,,,,,,,,,,,,,,,,
Colorado,2020-02-01,,,,,,,,,,,,,,,,,,,
Colorado,2020-03-01,,,,,,,,,,,,,,,,,,,
Colorado,2020-04-01,,,,,,,,,,,,,,,,,,,
Colorado,2020-05-01,,,,,,,,,,,,,,,,,,,
Colorado,2020-06-01,,,,,,,,,,,,,,,,,,,
Colorado,2020-07-01,,,,,,,,,,,,,,,,,,,
Colorado,2020-08-01,,,,,,,,,,,,,,,,,,,
Colorado,2020-09-01,,,,,,,,,,,,,,,,,,,
Colorado,2020-10-01,,,,,,,,,,,,,,,,,,,
Colorado,2020-11-01,,,,,,,,,,,,,,,,,,,
Colorado,2020-12-01,,,,,,,,,,,,,,,,,,,
Colorado,2021-01-01,,,,,,,,,,,,,,,,,,,
Colorado,2021-02-01,,,,,,,,,,,,,,,,,,,
Colorado,2021-03-01,,,,,,,,,,,,,,,,,,,
Colorado,2021-04-01,,,,,,,,,,,,,,,,,,,
Colorado,2021-05-01,,,,,,,,,,,,,,,,,,,
Colorado,2021-06-01,,,,,,,,,,,,,,,,,,,
Colorado,2021-07-01,,,,,,,,,,,,,,,,,,,
Colorado,2021-08-01,,,,,,,,,,,,,,,,,,,
Colorado,2021-09-01,,,,,,,,,,,,,,,,,,,
Colorado,2021-10-01,,,,,,,,,,,,,,,,,,,
Colorado,2021-11-01,,,,,,,,,,,,,,,,,,,
Colorado,2021-12-01,,,,,,,,,,,,,,,,,,,
Colorado,2022-01-01,,,,,,,,,,,,,,,,,,,
Colorado,2022-02-01,,,,,,,,,,,,,,,,,,,
Colorado,2022-03-01,,,,,,,,,,,,,,,,,,,
Colorado,2022-04-01,,,,,,,,,,,,,,,,,,,
Colorado,2022-05-01,,,,,,,,,,,,,,,,,,,
Colorado,2022-06-01,,,,,,,,,,,,,,,,,,,
Colorado,2022-07-01,,,,,,,,,,,,,,,,,,,
Colorado,2022-08-01,,,,,,,,,,,,,,,,,,,
Colorado,2022-09-01,,,,,,,,,,,,,,,,,,,
Colorado,2022-10-01,,,,,,,,,,,,,,,,,,,
Colorado,2022-11-01,,,,,,,,,,,,,,,,,,,
Colorado,2022-12-01,15600,,,,,14,,,,,56,,25,0.00489617442433072,,,,,1.75760107540077
Colorado,2023-01-01,,,,,,,,,,,,,,,,,,,
Colorado,2023-02-01,,,,,,,,,,,,,,,,,,,
Colorado,2023-03-01,567000,,,,199.859005992245,257,2837,,,,2837,1,9.05886499823757,0.176595793718671,88.360188144598,,,,88.360188144598
Colorado,2023-04-01,,,,,,,2403,,,,2944,0.816236413043478,,,75.0531978190534,,,,91.950318093755
Colorado,2023-05-01,,,,,,,,,,,,,,,,,,,
Colorado,2023-06-01,6200000,,,,283.934786590951,2555,21836,,,,11091,1.96880353439726,23.0366964205211,1.90908094380035,672.365991755234,,,,341.509947543382
Colorado,2023-07-01,1e+07,,,,344.198533714246,4700,29053,,,,11701,2.4829501751987,40.1675070506794,3.07825667242916,894.325911040845,,,,360.186813240936
Colorado,2023-08-01,14300000,,,,413.020246656847,,34623,,,,12271,2.82153043761715,,4.39217921811224,1063.42951796294,,,,376.898120178009
Colorado,2023-09-01,17600000,,,,468.396540252828,5093,37575,,,,12464,3.01468228498074,40.8616816431322,5.41132695268194,1155.28755822173,,,,383.220336012658
Colorado,2023-10-01,21300000,,,,523.187266653567,,40712,,,,12840,3.17071651090343,,6.56110778606353,1254.06488350337,,,,395.514666540168
Colorado,2023-11-01,27500000,,,,633.611354315469,,43402,,,,13284,3.26723878349895,,8.44252848509111,1332.44589567245,,,,407.820175985274
Colorado,2023-12-01,33600000,,,,732.616706277391,6117,45863,,,,13992,3.27780160091481,43.7178387650086,10.3919400607743,1418.46888990265,,,,432.750075387958
Colorado,2024-01-01,37481737,,,,787.299130398252,6340,47608,,,,14180,3.3574047954866,44.7108603667137,11.6066820795931,1474.24042926631,,,,439.101186502191
Colorado,2024-02-01,,,,,,,,,,,,,,,,,,,
Colorado,2024-03-01,4.9e+07,,,,945.12489150352,6533,51845,,,,14377,3.60610697642067,45.4406343465257,15.1184359762005,1599.62308813493,,,,443.587253122111
Colorado,2024-04-01,,,,,,,,,,,,,,,,,,,
Colorado,2024-05-01,5.9e+07,,,,1070.78039927405,6600,55100,,,,15200,3.625,43.421052631579,18.1730144903609,1697.17474308286,,,,468.186136022857
Colorado,2024-06-01,63900000,,,,1119.06971856885,6768,57101,,,,15351,3.71969252817406,44.0883330076217,19.4793258507115,1740.67133865646,,,,467.961081587282
Colorado,2024-07-01,7e+07,,,,1194.53924914676,6900,58600,,,,15400,3.80519480519481,44.8051948051948,21.2434005100237,1778.37609983913,,,,467.354811220521
Colorado,2024-08-01,76700000,,,,1261.96979170094,7100,60778,,,,15411,3.9438063720719,46.0709882551424,23.3075299427309,1846.91662954277,,,,468.3081407398
Colorado,2024-09-01,83100000,,,,1333.8683788122,7100,62300,,,,15411,4.04256699759912,46.0709882551424,25.2117590556786,1890.12345267,,,,467.555257288883
Colorado,2024-10-01,85020241,,,,1339.23887908764,7153,63484,,,,15509,4.0933651428203,46.1216068089497,25.8364114900292,1929.18618877241,,,,471.295895054994
Colorado,2024-11-01,92737485,,,11697,1361.24422035316,7163,68127,,,17.1694042009776,15649,4.35344111444821,45.772892836603,28.2724339646686,2076.95529883194,356.600850330078,,,477.083586117413
Colorado,2024-12-01,,,,,,,,,,,,,,,,,,,
Colorado,2025-01-01,,,,,,,,,,,,,,,,,,,
Colorado,2025-02-01,,,,,,,,,,,,,,,,,,,
Colorado,2025-03-01,108471529.21,,,14891,1433.89817589361,7404,75648,,,19.6845917935702,16642,4.54560749909867,44.4898449705564,33.309870849683,2323.02902742199,457.278781294163,,,511.049189328954
Colorado,2025-04-01,114333864.27,,,15765,1490.13859879834,7402,76727,,,20.5468739817796,16778,4.57307187984265,44.1172964596495,34.8941839102139,2341.67371668333,481.140747631377,,,512.057054472518
Colorado,2025-05-01,125100000,,,,1559.85037406484,7500,80200,,,,17000,4.71764705882353,44.1176470588235,38.3579016050835,2459.07570641702,,,,521.250461459967
Colorado,2025-06-01,135100000,,,,1627.71084337349,7600,83000,,,,17000,4.88235294117647,44.7058823529412,40.9990911008302,2518.81906837076,,,,515.902700750639
Connecticut,2018-03-01,,,,,,,,,,,,,,,,,,,
Connecticut,2018-04-01,,,,,,,,,,,,,,,,,,,
Connecticut,2018-05-01,,,,,,,,,,,,,,,,,,,
Connecticut,2018-06-01,,,,,,,,,,,,,,,,,,,
Connecticut,2018-07-01,,,,,,,,,,,,,,,,,,,
Connecticut,2018-08-01,,,,,,,,,,,,,,,,,,,
Connecticut,2018-09-01,,,,,,,,,,,,,,,,,,,
Connecticut,2018-10-01,,,,,,,,,,,,,,,,,,,
Connecticut,2018-11-01,,,,,,,,,,,,,,,,,,,
Connecticut,2018-12-01,,,,,,,,,,,,,,,,,,,
Connecticut,2019-01-01,,,,,,,,,,,,,,,,,,,
Connecticut,2019-02-01,,,,,,,,,,,,,,,,,,,
Connecticut,2019-03-01,,,,,,,,,,,,,,,,,,,
Connecticut,2019-04-01,,,,,,,,,,,,,,,,,,,
Connecticut,2019-05-01,,,,,,,,,,,,,,,,,,,
Connecticut,2019-06-01,,,,,,,,,,,,,,,,,,,
Connecticut,2019-07-01,,,,,,,,,,,,,,,,,,,
Connecticut,2019-08-01,,,,,,,,,,,,,,,,,,,
Connecticut,2019-09-01,,,,,,,,,,,,,,,,,,,
Connecticut,2019-10-01,,,,,,,,,,,,,,,,,,,
Connecticut,2019-11-01,,,,,,,,,,,,,,,,,,,
Connecticut,2019-12-01,,,,,,,,,,,,,,,,,,,
Connecticut,2020-01-01,,,,,,,,,,,,,,,,,,,
Connecticut,2020-02-01,,,,,,,,,,,,,,,,,,,
Connecticut,2020-03-01,,,,,,,,,,,,,,,,,,,
Connecticut,2020-04-01,,,,,,,,,,,,,,,,,,,
Connecticut,2020-05-01,,,,,,,,,,,,,,,,,,,
Connecticut,2020-06-01,,,,,,,,,,,,,,,,,,,
Connecticut,2020-07-01,,,,,,,,,,,,,,,,,,,
Connecticut,2020-08-01,,,,,,,,,,,,,,,,,,,
Connecticut,2020-09-01,,,,,,,,,,,,,,,,,,,
Connecticut,2020-10-01,,,,,,,,,,,,,,,,,,,
Connecticut,2020-11-01,,,,,,,,,,,,,,,,,,,
Connecticut,2020-12-01,,,,,,,,,,,,,,,,,,,
Connecticut,2021-01-01,,,,,,,,,,,,,,,,,,,
Connecticut,2021-02-01,,,,,,,,,,,,,,,,,,,
Connecticut,2021-03-01,,,,,,,,,,,,,,,,,,,
Connecticut,2021-04-01,,,,,,,,,,,,,,,,,,,
Connecticut,2021-05-01,,,,,,,,,,,,,,,,,,,
Connecticut,2021-06-01,,,,,,,,,,,,,,,,,,,
Connecticut,2021-07-01,,,,,,,,,,,,,,,,,,,
Connecticut,2021-08-01,,,,,,,,,,,,,,,,,,,
Connecticut,2021-09-01,,,,,,,,,,,,,,,,,,,
Connecticut,2021-10-01,,,,,,,,,,,,,,,,,,,
Connecticut,2021-11-01,,,,,,,,,,,,,,,,,,,
Connecticut,2021-12-01,,,,,,,,,,,,,,,,,,,
Connecticut,2022-01-01,,,,,,,,,,,,,,,,,,,
Connecticut,2022-02-01,,,,,,,,,,,,,,,,,,,
Connecticut,2022-03-01,7344.63,0,0,,272.023333333333,3,27,0,0,,8,3.375,37.5,0.00377796970064833,1.38884030805507,,0,0,0.411508239423724
Connecticut,2022-04-01,9702.53,0,0,,183.066603773585,7,53,0,0,,62,0.854838709677419,11.2903225806452,0.00507144428955309,2.77027277778388,,0,0,3.24069645703019
Connecticut,2022-05-01,16757.59,0,0,,150.969279279279,24,111,0,0,,139,0.798561151079137,17.2661870503597,0.00863930459062573,5.72255801436517,,0,0,7.16608616213296
Connecticut,2022-06-01,48665.04,2,0,,104.656,50,465,0.43010752688172,0,,223,2.08520179372197,22.4215246636771,0.0250477458591347,23.9334064546081,,0.102939382600465,0,11.4777411599518
Connecticut,2022-07-01,95392.02,6,1,,152.383418530351,73,626,0.958466453674122,0.159744408945687,,256,2.4453125,28.515625,0.0490475646926713,32.1869434126798,,0.308501055073608,0.0514168425122681,13.1627116831406
Connecticut,2022-08-01,245336.68,23,3,,121.694781746032,119,2016,1.14087301587302,0.148809523809524,,308,6.54545454545455,38.6363636363636,0.127856234574078,105.063037822694,,1.19863584817557,0.15634380628377,16.0512974451338
Connecticut,2022-09-01,434622.82,41,3,,171.787675889328,145,2530,1.62055335968379,0.118577075098814,,408,6.20098039215686,35.5392156862745,0.227465111374072,132.410611061886,,2.14578460614124,0.157008629717651,21.3531736416006
Connecticut,2022-10-01,687970.85,64,6,,206.784144875263,186,3327,1.92365494439435,0.18034265103697,,686,4.84985422740525,27.1137026239067,0.360408520460337,174.292144437739,,3.3527794541675,0.314323073828204,35.9376047743579
Connecticut,2022-11-01,1048384.43,92,7,,221.786424793738,273,4727,1.94626613073831,0.148085466469219,,800,5.90875,34.125,0.549997550050835,247.985218465167,,4.82645231622496,0.367230067538856,41.9691505758692
Connecticut,2022-12-01,1573215.88,136,13,,232.517865799586,392,6766,2.01005025125628,0.192137156370086,,876,7.72374429223744,44.7488584474886,0.82896559500813,356.51694641075,,7.16616977710051,0.685001522811078,46.1585641525003
Connecticut,2023-01-01,2152738.41,211,25,,282.622871209137,465,7617,2.77011946960746,0.328213207299462,,1038,7.33815028901734,44.7976878612717,1.13327013167641,400.983164181996,,11.1077127008535,1.3160797038926,54.6436293056206
Connecticut,2023-02-01,2719369.62,299,35,,310.501212605618,521,8758,3.41402146608815,0.399634619776205,,1471,5.9537729435758,35.4180829367777,1.43781647622638,463.063079258444,,15.809072927412,1.85056037611847,77.7764089505789
Connecticut,2023-03-01,3461909.81,349,47,,348.807033753149,659,9925,3.51637279596977,0.473551637279597,,3377,2.93899911163755,19.5143618596387,1.82279170824042,522.57882779119,,18.3758197379471,2.4746805950817,177.808433395551
Connecticut,2023-04-01,4323260.67,416,69,,379.866502943502,945,11381,3.65521483173711,0.606273613917933,,3928,2.8974032586558,24.0580448065173,2.29138214006322,603.207211561904,,22.0485194631186,3.65708616094995,208.1889049306
Connecticut,2023-05-01,5423058.43,491,97,,371.671470769653,1448,14591,3.36508806798712,0.664793365773422,,4251,3.4323688543872,34.0625735121148,2.84017345139417,764.162351636185,,25.714736114959,5.08010061741553,222.634100253953
Connecticut,2023-06-01,6831587.99,586,127,,422.224226823239,1669,16180,3.62175525339926,0.784919653893696,,4435,3.64825253664036,37.6324689966178,3.54319671944094,839.174186213686,,30.3928351743646,6.5868431179937,230.020860065371
Connecticut,2023-07-01,8153945.09,705,181,,474.480366016875,1821,17185,4.10241489671225,1.05324410823393,,4657,3.69014386944385,39.1024264547992,4.20007679588746,885.195067426264,,36.3143743110571,9.32326489404444,239.88090945616
Connecticut,2023-08-01,9252472,874,232,,507.123705124692,1911,18245,4.79035352151274,1.27158125513839,,5675,3.21497797356828,33.6740088105727,4.81704643485423,949.876013717365,,45.5024190731147,12.0784453374858,295.453350388931
Connecticut,2023-09-01,11117169.88,996,280,,568.653190792839,2055,19550,5.09462915601023,1.43222506393862,,5938,3.29235432805658,34.6076119905692,5.78505238574475,1017.32523081054,,51.8289478203222,14.57038693744,308.996277266138
Connecticut,2023-10-01,11117169.88,1217,340,,521.125480710636,2373,21333,5.70477663713496,1.59377490273286,,6170,3.45753646677472,38.4602917341977,5.78672663769097,1110.42864950681,,63.3474741691175,17.6977331285949,321.161804127736
Connecticut,2023-11-01,13446433.61,1375,384,,590.195918447966,2549,22783,6.03520168546723,1.68546723434139,,6273,3.63191455443966,40.6344651681811,6.95711501169312,1178.78060390323,,71.1417868747284,19.8679608435605,324.561766592852
Connecticut,2023-12-01,15730668.91,1484,448,,661.925895644856,2654,23765,6.24447717231222,1.88512518409426,,6325,3.75731225296443,41.9604743083004,8.25170399096915,1246.62051224484,,77.8449333124908,23.5003572264123,331.785177359504
Connecticut,2024-01-01,17050735,1854,563,,700.350570935677,2728,24346,7.61521399819272,2.31249486568636,,6338,3.84127485011045,43.0419690754181,8.88168285268398,1268.17671338769,,96.5743705997195,29.3265213849202,330.14474695848
Connecticut,2024-02-01,18943807,2059,622,,758.450054049726,2729,24977,8.24358409736958,2.49029106778236,,6354,3.93090966320428,42.949323260938,9.89600676596207,1304.76709878555,,107.559573063196,32.4924985164197,331.924976805998
Connecticut,2024-03-01,20864163,2201,681,,820.2934145862,2693,25435,8.65343031256143,2.67741301356399,,6372,3.99168236032643,42.263025737602,10.8102287052231,1317.84901755871,,114.039146359219,35.2842610952421,330.148769014512
Connecticut,2024-04-01,21442199,2460,784,,826.92630158118,2709,25930,9.48708060161974,3.02352487466255,,6404,4.04903185509057,42.3016864459713,11.1898653387718,1353.18774083924,,128.378011664656,40.9139679451586,334.200319796933
Connecticut,2024-05-01,23808459,2651,859,,896.706677714587,2702,26551,9.98455802041354,3.23528304018681,,6422,4.13438181251946,42.074120211772,12.2595984811738,1367.18045999384,,136.506926271842,44.2321575509288,330.685582994254
Connecticut,2024-06-01,25468613,2787,937,,938.381526104418,2718,27141,10.2685973250801,3.45234147599573,,6436,4.21706028589186,42.2311995027968,13.0041424559612,1385.80546336482,,142.302782741894,47.8427367883584,328.618840949706
Connecticut,2024-07-01,27442268,3050,1037,,1002.4206604325,2728,27376,11.1411455289305,3.78798947983635,,6464,4.23514851485149,42.2029702970297,13.8987953515816,1386.52323322875,,154.474571206446,52.5213542101918,327.384796156875
Connecticut,2024-08-01,29615293,3194,1099,,1058.18033372637,2756,27987,11.4124414906921,3.92682316789938,,6545,4.27608861726509,42.1084797555386,15.1733235987294,1433.90716261912,,163.64381596475,56.3069986678963,335.331488882058
Connecticut,2024-09-01,31598524,3336,1169,,1101.49280161746,2796,28687,11.6289608533482,4.0750165580228,,6588,4.35443230115361,42.4408014571949,16.151716685656,1466.34791093855,,170.521024536933,59.7539201689671,336.748354211425
Connecticut,2024-10-01,31995040,3522,1246,,1111.2089744035,2814,28793,12.2321397561907,4.32744069739173,,6604,4.3599333737129,42.610539067232,16.3499764421637,1471.36828614442,,179.979825089453,63.6725900231286,337.474947442007
Connecticut,2024-11-01,34388381,3655,1311,,1165.19435502999,2821,29513,12.3843729881747,4.44211025649714,,6614,4.46220139098881,42.651950408225,17.5542993978474,1506.55547909822,,186.577449805306,66.9228554568417,337.626061015676
Connecticut,2024-12-01,35197998,3796,1396,,1168.16561016893,2849,30131,12.5983206664233,4.63310212073944,,6690,4.50388639760837,42.5859491778774,18.0156284229082,1542.21527034193,,194.293225124223,71.4524083965793,342.418776628306
Connecticut,2025-01-01,37107555,4124,1521,,1232.44063236906,2876,30109,13.6969012587598,5.05164568733601,,6698,4.49522245446402,42.9381905046283,19.0504122214059,1545.74684743932,,211.719419404157,78.0856539558008,343.864372252435
Connecticut,2025-02-01,38487684,4301,1618,,1260.77518262522,2877,30527,14.0891669669473,5.30022602941658,,7057,4.32577582542157,40.7680317415332,19.8914992704978,1577.71976674534,,222.287572207283,83.6227137482874,364.725272510299
Connecticut,2025-03-01,38989741,4483,1687,,1249.11068751201,2827,31214,14.3621451912603,5.40462612930095,,7172,4.35220301171221,39.4171779141104,20.0237683041004,1603.04194850689,,230.231212121368,86.6384240126584,368.328854190152
Connecticut,2025-04-01,40388581,4714,1781,,1287.65481731812,2851,31366,15.0290123063189,5.6781228081362,,7464,4.20230439442658,38.1966773847803,20.6584127295893,1604.34399434904,,241.117056346407,91.0966222640963,381.777197405511
Connecticut,2025-05-01,43149206,4881,1848,,1346.35108739742,2904,32049,15.2298043620706,5.76617055134326,,7505,4.27035309793471,38.6942038640906,22.0358913311813,1636.71211301786,,249.268052782932,94.3756118711037,383.273250591252
Connecticut,2025-06-01,46066960,5057,1942,,1404.09521777561,2961,32809,15.4134536255296,5.91910756194947,,7519,4.36347918606198,39.3802367336082,23.5857521801749,1679.78295784953,,258.912567217686,99.4281600824097,384.964127528135
Illinois,2018-03-01,,,,,,,,,,,,,,,,,,,
Illinois,2018-04-01,,,,,,,,,,,,,,,,,,,
Illinois,2018-05-01,,,,,,,,,,,,,,,,,,,
Illinois,2018-06-01,,,,,,,,,,,,,,,,,,,
Illinois,2018-07-01,,,,,,,,,,,,,,,,,,,
Illinois,2018-08-01,,,,,,,,,,,,,,,,,,,
Illinois,2018-09-01,,,,,,,,,,,,,,,,,,,
Illinois,2018-10-01,,,,,,,,,,,,,,,,,,,
Illinois,2018-11-01,,,,,,,,,,,,,,,,,,,
Illinois,2018-12-01,,,,,,,,,,,,,,,,,,,
Illinois,2019-01-01,,,,,,,,,,,,,,,,,,,
Illinois,2019-02-01,,,,,,,,,,,,,,,,,,,
Illinois,2019-03-01,,,,,,,,,,,,,,,,,,,
Illinois,2019-04-01,,,,,,,,,,,,,,,,,,,
Illinois,2019-05-01,,,,,,,,,,,,,,,,,,,
Illinois,2019-06-01,3134798,,,1468,236.036292447858,65,13281,,,11.0533845342971,743,17.8748317631225,8.74831763122476,0.474337590642525,200.95960062892,22.2128374161023,,,11.2426009537902
Illinois,2019-07-01,3776485.53,,,1815,227.691156999879,127,16586,,,10.9429639454962,937,17.701173959445,13.5538954108858,0.569672337214733,250.195196300502,27.3787701245274,,,14.1343843562987
Illinois,2019-08-01,4914689.5,,,2294,215.358200779983,329,22821,,,10.0521449542088,1383,16.5010845986985,23.7888647866956,0.749452552462706,348.002792439917,34.981745140755,,,21.089692035599
Illinois,2019-09-01,6290663.65,,,2879,228.203716534862,472,27566,,,10.4440252484945,1784,15.4517937219731,26.457399103139,0.964853090156699,422.803407765404,44.1576946585141,,,27.3627395869361
Illinois,2019-10-01,7849453.65,,,3727,249.56136616539,630,31453,,,11.8494261278733,4236,7.42516525023607,14.8725212464589,1.19966426166911,480.709125816402,56.9612727535602,,,64.7405289466276
Illinois,2019-11-01,9750857.56,,,4402,260.697205037029,934,37403,,,11.7691094297249,5117,7.30955638069181,18.2528825483682,1.49558489404981,573.686585491924,67.5178020301968,,,78.484460015565
Illinois,2019-12-01,12416524.87,,,5318,267.056499118166,1592,46494,,,11.4380350152708,5270,8.82239089184061,30.2087286527514,1.91732308632114,717.94661154184,82.1189848191058,,,81.3777830005054
Illinois,2020-01-01,14742380.78,,,6715,278.884279444592,2044,52862,,,12.702886761757,5345,9.88999064546305,38.2413470533209,2.28411060808885,819.017340324,104.038845300512,,,82.8127517693576
Illinois,2020-02-01,16279976.01,,,7732,285.368297603814,2235,57049,,,13.5532612315729,5369,10.6256286086795,41.627863661762,2.50944797920546,879.371675227011,119.183540339975,,,82.7594966483868
Illinois,2020-03-01,17172063.34,,,8610,286.372879394303,2334,59964,,,14.3586151691015,5488,10.9263848396501,42.5291545189504,2.67652805465509,934.630423214696,134.199985722743,,,85.5388526883172
Illinois,2020-04-01,20564889.69,,,9229,332.190054274961,2381,61907,,,14.9078456394269,5533,11.1886860654256,43.0327128140249,3.31329551177761,997.409606079032,148.692284467078,,,89.1444804373541
Illinois,2020-05-01,23545512.97,,,9661,367.508162733346,2423,64068,,,15.0792907535743,5544,11.5562770562771,43.7049062049062,3.79005271189305,1031.28395399561,155.510305917955,,,89.2401548503409
Illinois,2020-06-01,26469940.12,,,10164,401.467248873857,2460,65933,,,15.4156492196624,5540,11.9012635379061,44.4043321299639,4.16322393115236,1037.00213226122,159.860611109809,,,87.1337844892112
Illinois,2020-07-01,29853151.56,,,10739,443.023693106775,2484,67385,,,15.9367811827558,5539,12.16555334898,44.8456400072215,4.70499213316953,1062.01817337918,169.251512412539,,,87.2971531104438
Illinois,2020-08-01,33571730.48,,,11225,484.566416673884,2499,69282,,,16.2018994832713,5651,12.2601309502743,44.2222615466289,5.33996680070242,1102.00926373654,178.546433206933,,,89.8856030336192
Illinois,2020-09-01,35187946.51,,,11724,491.67150835569,2527,71568,,,16.3816230717639,5843,12.2485024816019,43.2483313366421,5.60916764435642,1140.83642208907,186.887522532029,,,93.1408899824845
Illinois,2020-10-01,36791780.12,,,12429,494.859042879432,2566,74348,,,16.7173293161887,6023,12.3440146106591,42.6033538103935,5.84338115758784,1180.81729366549,197.401115604567,,,95.6590972150862
Illinois,2020-11-01,42803616.84,,,12981,555.234941043702,2621,77091,,,16.8385414639841,6087,12.6648595367176,43.0589781501561,6.79735275645095,1224.23000679201,206.142477308209,,,96.6635281854301
Illinois,2020-12-01,46989251.7,,,13630,588.564847126019,2705,79837,,,17.0722847802397,6087,13.1159848858222,44.4389682930836,7.50413288036331,1274.98829007648,217.669631796567,,,97.2087343173662
Illinois,2021-01-01,48803339.13,,,14599,597.757816006075,2763,81644,,,17.8812895007594,6096,13.3930446194226,45.3248031496063,7.85264350166608,1313.68311570288,234.903481041427,,,98.0869662599179
Illinois,2021-02-01,51784545.2,,,15345,620.411956678008,2788,83468,,,18.384290985767,6099,13.6855222167568,45.7124118707985,8.28838241397397,1335.9482074385,245.604605874632,,,97.6176273202593
Illinois,2021-03-01,55672562,,,15953,652.2472262902,2806,85355,,,18.6901763224181,6100,13.9926229508197,46,8.88977347849275,1362.94538637677,254.736895892082,,,97.4045674758165
Illinois,2021-04-01,60475467.35,,,16460,694.561471804295,2824,87070,,,18.9043298495463,5056,17.2211234177215,55.8544303797468,9.60571178449317,1382.9894364195,261.444884845123,,,80.3077361954401
Illinois,2021-05-01,63687554.67,,,16879,715.285099283452,2832,89038,,,18.9570745075136,6059,14.6951642185179,46.7403862023436,10.1059049805348,1412.84992384974,267.835012743545,,,96.1438676588151
Illinois,2021-06-01,67073057.47,,,17495,741.933978629028,2837,90403,,,19.3522338860436,6060,14.9179867986799,46.8151815181518,10.4493282823019,1408.39058235485,272.555039526323,,,94.4088905132619
Illinois,2021-07-01,70196355.77,,,18057,765.87590169658,2846,91655,,,19.7010528612733,6062,15.1195974925767,46.9482019135599,10.9316194462115,1427.33560645996,281.200142336451,,,94.4030161623508
Illinois,2021-08-01,74013206.38,,,18548,794.76415157958,2856,93126,,,19.9171015613255,6146,15.1522941750732,46.4692482915718,11.6287231599219,1463.16654278002,291.420366336831,,,96.5640269304596
Illinois,2021-09-01,73682992.08,,,18984,781.15251447109,2868,94326,,,20.1259461866294,6178,15.2680479119456,46.4227905471026,11.5960751334722,1484.48285304743,298.766220154067,,,97.2280714344619
Illinois,2021-10-01,79518810.48,,,19449,830.769983179582,2886,95717,,,20.3192745280358,6296,15.2028271918679,45.8386277001271,12.4767368577295,1501.82807640421,305.16056978369,,,98.7861045482089
Illinois,2021-11-01,80099527.3,,,20209,824.383019256301,2925,97163,,,20.7990696046849,6386,15.2150015659255,45.8033197619793,12.513363257268,1517.90647853914,315.710425005378,,,99.7638069218835
Illinois,2021-12-01,84871970.08,,,20796,856.583133969843,2973,99082,,,20.9886760461032,6408,15.4622347066167,46.3951310861423,13.2934445401972,1551.91527979177,325.726470585471,,,100.368110382367
Illinois,2022-01-01,83285291.98,,,21789,830.279054730336,3025,100310,,,21.7216628451799,6413,15.6416653672228,47.1698113207547,12.9974598166332,1565.43269911279,340.03801296948,,,100.080948055132
Illinois,2022-02-01,83419571.34,,,22415,822.134993051928,3056,101467,,,22.090926113909,6419,15.8072908552734,47.6086617853248,12.9665335717124,1577.17816189505,348.413262428942,,,99.7753616565415
Illinois,2022-03-01,87253470.25,,,22995,849.893538630874,3077,102664,,,22.3983090469882,6414,16.006236357967,47.9731836607421,13.5141158812967,1590.09514333609,356.154424345567,,,99.3422256034994
Illinois,2022-04-01,83579968.92,,,23570,806.554039719762,3088,103626,,,22.7452569818385,6429,16.1185254316379,48.0323533986623,13.0360885044366,1616.26969334454,367.62469527079,,,100.274041828422
Illinois,2022-05-01,86477121.1,,,24052,827.540178374913,2338,104499,,,23.0164881960593,6473,16.1438282094856,36.1192646377259,13.4325880183788,1623.19466406539,373.602408253674,,,100.545833553386
Illinois,2022-06-01,82742993.86,,,24625,784.598695796471,2333,105459,,,23.3503067542837,6498,16.2294552169898,35.9033548784241,12.6836827673403,1616.58218848613,377.476899946624,,,99.6079145524128
Illinois,2022-07-01,90449205.25,,,25216,850.134455420418,2334,106394,,,23.7005846194334,6624,16.0618961352657,35.2355072463768,13.8597274842573,1630.29828939273,386.3902256267,,,101.500985665897
Illinois,2022-08-01,89224084.9,,,25711,828.004277176637,2329,107758,,,23.8599454332857,7046,15.2934998580755,33.0542151575362,13.7436700912336,1659.85496332185,396.040488520279,,,108.533362456298
Illinois,2022-09-01,83977072.73,,,26094,767.994007371097,2404,109346,,,23.8636987178315,7486,14.6067325674593,32.1132781191558,13.0428345359832,1698.29899853383,405.276956338063,,,116.268233890808
Illinois,2022-10-01,90585875.11,,,26604,816.46409710768,2501,110949,,,23.9785847551578,9019,12.3016964186717,27.730347045127,14.0527511944762,1721.17197121808,412.712679900548,,,139.913383702565
Illinois,2022-11-01,99936798.69,,,27012,881.043804020101,2705,113430,,,23.8138058714626,9075,12.499173553719,29.8071625344353,15.5394259386734,1763.75179846551,420.016429341006,,,141.109473429203
Illinois,2022-12-01,98466419.04,,,27506,847.270763406072,3044,116216,,,23.6679975218559,9312,12.4802405498282,32.6890034364261,15.363897326051,1813.33972439783,429.181201033305,,,145.296856832042
Illinois,2023-01-01,107430269.31,,,28641,908.747139268132,3360,118218,,,24.2272750342587,9407,12.5670245561816,35.7180822791538,16.8073801016325,1849.51119792999,448.086164711912,,,147.171766050241
Illinois,2023-02-01,106850684.8,27794,3498,,891.120417660501,3520,119906,23.1798241956199,2.91728520674528,,9457,12.6790737020197,37.2211060590039,16.6067188628737,1863.5774171208,,431.973969037876,54.3658683059111,146.98056505689
Illinois,2023-03-01,112974793.41,28389,3600,,931.382161371168,3622,121298,23.4043430229682,2.96789724480206,,9551,12.7000314103235,37.9227306041252,17.4936793328002,1878.2493436471,,439.591919213817,55.744510520615,147.893283328443
Illinois,2023-04-01,116978692.17,28968,3709,,955.076233619908,3634,122481,23.6510152595096,3.02822478588516,,9610,12.7451612903226,37.8147762747138,18.1651434935045,1901.95744109928,,449.832244623769,57.5955466483554,149.229766322646
Illinois,2023-05-01,118616362.08,29590,3835,,959.314516971702,3678,123647,23.9310294629065,3.10157140893026,,9718,12.7235027783495,37.8472936818275,18.4356339436821,1921.75075197219,,459.894738658093,59.6044718740718,151.039441374767
Illinois,2023-06-01,127555976.89,30026,3931,,1017.27392048808,4909,125390,23.946088204801,3.13501874152644,,9757,12.8512862560213,50.3125960848622,19.4949220652309,1916.38866116586,,458.900119149581,60.0791436880372,149.120377757359
Illinois,2023-07-01,127555976.89,30027,3932,,1006.36673180854,4996,126749,23.6901277327632,3.10219410015069,,10584,11.9755291005291,47.2033257747544,19.4415598381038,1931.85637239474,,457.659242233838,59.9299344078147,161.31699536427
Illinois,2023-08-01,127555976.89,30028,3933,,1017.27392048808,5076,125390,23.9476832283276,3.13661376505304,,13072,9.5922582619339,38.8310893512852,19.460765531267,1913.03100761002,,458.126605762131,60.0043939144285,199.434893783221
Illinois,2023-09-01,131309658,31523,4279,,1005.16445056838,5400,130635,24.1305928732729,3.27553871473954,,14727,8.87044204522306,36.6673456915869,20.0951116000103,1999.18646034958,,482.415545524552,65.4841264885817,225.376193222095
Illinois,2023-10-01,130832613,32121,4384,,984.355159804984,4577,132912,24.1671180931744,3.29842301673288,,23157,5.73960357559269,19.7650818327072,19.9781414515174,2029.56638694061,,490.48770551131,66.9436848467228,353.607415601177
Illinois,2023-11-01,145045515,32665,4502,,1062.99388054232,5302,136450,23.9391718578234,3.29937706119458,,24822,5.49713963419547,21.360083796632,22.0547337718973,2074.7752339501,,496.684008918873,68.4546581402959,377.428148458113
Illinois,2023-12-01,155551838,33473,4642,,1103.54889469054,6397,140956,23.7471267629615,3.29322625500156,,25034,5.63058240792522,25.5532475832867,23.9086771564396,2166.52631083864,,514.487749387765,71.3486132900549,384.778368182515
Illinois,2024-01-01,158805894,34652,4797,,1104.1068329718,7246,143832,24.0919962178097,3.3351409978308,,25287,5.68798196701863,28.655040139202,24.3760573374812,2207.76256513791,,531.894073691244,73.6319944446755,388.145141447261
Illinois,2024-02-01,167605196,35581,4949,,1148.996003318,7539,145871,24.3920998690624,3.39272370793372,,25389,5.74544093898933,29.6939619520265,25.5887436224782,2227.05244827524,,543.224857319696,75.5577364007525,387.620806118146
Illinois,2024-03-01,176065776,36203,5074,,1194.05485174837,7594,147452,24.5523967121504,3.44111982204378,,25408,5.80336901763224,29.8882241813602,26.691401969696,2235.35811027556,,548.833991172085,76.9213510263558,385.182831469777
Illinois,2024-04-01,173622325,36994,5248,,1165.61818157405,7627,148953,24.8360221009312,3.52325901458849,,25446,5.85369016741335,29.9732767429065,26.3814881986891,2263.3044521546,,562.114793948476,79.7420781381197,386.64575463083
Illinois,2024-05-01,184997418,37650,5416,,1224.32954116783,7669,151101,24.9171084241666,3.58435748274333,,25488,5.92831920903955,30.0886691776522,28.0646737436143,2292.24835307369,,571.162007486546,82.1623753664577,386.660750247466
Illinois,2024-06-01,191978933,38149,5551,,1254.98573604492,9832,152973,24.9383878200728,3.62874494191785,,25481,6.0034143087006,38.5856128095444,28.6529733707057,2283.13139725439,,569.376162289146,82.849015095207,380.305486154021
Illinois,2024-07-01,199824460,38876,5742,,1298.91938975162,7620,153839,25.2705750817413,3.73247356002054,,25679,5.99084855329257,29.67405272791,29.6966070800945,2286.25481414771,,577.749739369121,85.3338564527599,381.624538462282
Illinois,2024-08-01,208414960,39415,5898,,1340.26327466351,7588,155503,25.346777875668,3.7928528710057,,26027,5.97468013985477,29.1543397241326,31.3273579134231,2337.40329274397,,592.456420670363,88.6542678958215,391.21814691837
Illinois,2024-09-01,216831541,39875,6040,,1379.90607439463,7573,157135,25.3762688134407,3.84382855506412,,26261,5.98358782986177,28.8374395491413,32.6243741447315,2364.24599834043,,599.957419949882,90.8775627961702,395.121800759971
Illinois,2024-10-01,215524770,40046,6194,,1410.98259879016,7620,152748,26.2170372116165,4.05504491057166,,27278,5.5996773957035,27.9345993107999,32.347831450996,2292.57479707633,,601.045187653644,92.9649376298924,409.411941987117
Illinois,2024-11-01,227236319,40955,6361,,1471.40427364263,7685,154435,26.519247579888,4.1188849677858,,27479,5.62010990210706,27.9668110193238,34.1463410199409,2320.66343911097,,615.42248291378,95.5854575464426,412.921362666042
Illinois,2024-12-01,224338876.69,41588,6527,,1434.87803852968,7757,156347,26.5998068399138,4.17468835347017,,27453,5.69507886205515,28.2555640549302,33.8921128440481,2362.02045985576,,628.292879840875,98.6069930441808,414.747629851677
Illinois,2025-01-01,232645895,42829,6697,,1495.08630717127,7834,155607,27.5238260489567,4.3037909605609,,27478,5.66296673702598,28.5100807919063,35.3774336195715,2366.24691496949,,651.281684765006,101.838320831008,417.845808540307
Illinois,2025-02-01,235597721,43775,6868,,1510.32893564372,7770,155991,28.0625164272298,4.40281811130129,,27428,5.68729036021584,28.3287151815663,35.8912255311564,2376.3846857545,,666.87334281403,104.62789533859,417.841280335882
Illinois,2025-03-01,232169522,44486,7019,,1478.64549246887,7653,157015,28.3323249371079,4.47027354074451,,27497,5.71025930101466,27.8321271411427,35.0868357524062,2372.90384552028,,672.298827957935,106.075292753602,415.550979462288
Illinois,2025-04-01,1538.43,45287,7169,,0.010009043356061,7643,153704,29.4637745276636,4.6641596835476,,27481,5.5931006877479,27.8119427968415,0.000232987750662535,2327.77241914382,,685.849617093674,108.571022698447,416.186396258336
Illinois,2025-05-01,251104304,45958,7339,,1615.41081940004,7704,155443,29.5658215551681,4.72134480163147,,27436,5.66565825922146,28.0798950284298,38.3378167911263,2373.25492256917,,701.672315456044,112.049547916182,418.884234449976
Illinois,2025-06-01,264797060,46556,7496,,1681.55011684617,7727,157472,29.5646210119894,4.76021133915871,,27415,5.74400875433157,28.1853000182382,39.891042613989,2372.27794844477,,701.354984808696,112.92544389823,413.00040614594
Maine,2018-03-01,,,,,,,,,,,,,,,,,,,
Maine,2018-04-01,,,,,,,,,,,,,,,,,,,
Maine,2018-05-01,,,,,,,,,,,,,,,,,,,
Maine,2018-06-01,,,,,,,,,,,,,,,,,,,
Maine,2018-07-01,,,,,,,,,,,,,,,,,,,
Maine,2018-08-01,,,,,,,,,,,,,,,,,,,
Maine,2018-09-01,,,,,,,,,,,,,,,,,,,
Maine,2018-10-01,,,,,,,,,,,,,,,,,,,
Maine,2018-11-01,,,,,,,,,,,,,,,,,,,
Maine,2018-12-01,,,,,,,,,,,,,,,,,,,
Maine,2019-01-01,,,,,,,,,,,,,,,,,,,
Maine,2019-02-01,,,,,,,,,,,,,,,,,,,
Maine,2019-03-01,,,,,,,,,,,,,,,,,,,
Maine,2019-04-01,,,,,,,,,,,,,,,,,,,
Maine,2019-05-01,,,,,,,,,,,,,,,,,,,
Maine,2019-06-01,,,,,,,,,,,,,,,,,,,
Maine,2019-07-01,,,,,,,,,,,,,,,,,,,
Maine,2019-08-01,,,,,,,,,,,,,,,,,,,
Maine,2019-09-01,,,,,,,,,,,,,,,,,,,
Maine,2019-10-01,,,,,,,,,,,,,,,,,,,
Maine,2019-11-01,,,,,,,,,,,,,,,,,,,
Maine,2019-12-01,,,,,,,,,,,,,,,,,,,
Maine,2020-01-01,,,,,,,,,,,,,,,,,,,
Maine,2020-02-01,,,,,,,,,,,,,,,,,,,
Maine,2020-03-01,,,,,,,,,,,,,,,,,,,
Maine,2020-04-01,,,,,,,,,,,,,,,,,,,
Maine,2020-05-01,,,,,,,,,,,,,,,,,,,
Maine,2020-06-01,,,,,,,,,,,,,,,,,,,
Maine,2020-07-01,,,,,,,,,,,,,,,,,,,
Maine,2020-08-01,,,,,,,,,,,,,,,,,,,
Maine,2020-09-01,,,,,,,,,,,,,,,,,,,
Maine,2020-10-01,,,,,,,,,,,,,,,,,,,
Maine,2020-11-01,,,,,,,,,,,,,,,,,,,
Maine,2020-12-01,,,,,,,,,,,,,,,,,,,
Maine,2021-01-01,,,,,,,,,,,,,,,,,,,
Maine,2021-02-01,,,,,,,,,,,,,,,,,,,
Maine,2021-03-01,,,,,,,,,,,,,,,,,,,
Maine,2021-04-01,,,,,,,,,,,,,,,,,,,
Maine,2021-05-01,,,,,,,,,,,,,,,,,,,
Maine,2021-06-01,,,,,,,,,,,,,,,,,,,
Maine,2021-07-01,,,,,,,,,,,,,,,,,,,
Maine,2021-08-01,,,,,,,,,,,,,,,,,,,
Maine,2021-09-01,,,,,,,,,,,,,,,,,,,
Maine,2021-10-01,,,,,,,,,,,,,,,,,,,
Maine,2021-11-01,,,,,,,,,,,,,,,,,,,
Maine,2021-12-01,,,,,,,,,,,,,,,,,,,
Maine,2022-01-01,,,,,,,,,,,,,,,,,,,
Maine,2022-02-01,,,,,,,,,,,,,,,,,,,
Maine,2022-03-01,,,,,,,,,,,,,,,,,,,
Maine,2022-04-01,,,,,,,,,,,,,,,,,,,
Maine,2022-05-01,,,,,,,,,,,,,,,,,,,
Maine,2022-06-01,,,,,,,,,,,,,,,,,,,
Maine,2022-07-01,,,,,,,,,,,,,,,,,,,
Maine,2022-08-01,,,,,,,,,,,,,,,,,,,
Maine,2022-09-01,,,,,,,,,,,,,,,,,,,
Maine,2022-10-01,,,,,,,,,,,,,,,,,,,
Maine,2022-11-01,,,,,,,,,,,,,,,,,,,
Maine,2022-12-01,,,,,,,,,,,,,,,,,,,
Maine,2023-01-01,,,,,,,,,,,,,,,,,,,
Maine,2023-02-01,,,,,,,,,,,,,,,,,,,
Maine,2023-03-01,,,,,,,,,,,,,,,,,,,
Maine,2023-04-01,,,,,,,,,,,,,,,,,,,
Maine,2023-05-01,,,,,,,,,,,,,,,,,,,
Maine,2023-06-01,,,,,,,,,,,,,,,,,,,
Maine,2023-07-01,,,,,,,,,,,,,,,,,,,
Maine,2023-08-01,,,,,,,,,,,,,,,,,,,
Maine,2023-09-01,,,,,,,,,,,,,,,,,,,
Maine,2023-10-01,,,,,,,,,,,,,,,,,,,
Maine,2023-11-01,,,,,,,,,,,,,,,,,,,
Maine,2023-12-01,,,,,,,,,,,,,,,,,,,
Maine,2024-01-01,,,,,,,,,,,,,,,,,,,
Maine,2024-02-01,,,,,,,,,,,,,,,,,,,
Maine,2024-03-01,,,,,,,,,,,,,,,,,,,
Maine,2024-04-01,,,,,,,,,,,,,,,,,,,
Maine,2024-05-01,,,,,,,,,,,,,,,,,,,
Maine,2024-06-01,,,,,,,,,,,,,,,,,,,
Maine,2024-07-01,2300000,,,,315.068493150685,900,7300,,,,2200,3.31818181818182,40.9090909090909,3.17823105187011,1008.74289907182,,,,304.004709309315
Maine,2024-08-01,3500000,,,,384.615384615385,1100,9100,,,,2300,3.95652173913043,47.8260869565218,4.84761857275029,1260.38082891508,,,,318.55779192359
Maine,2024-09-01,4833963,,,,473.917941176471,1257,10200,,,,2343,4.35339308578745,53.6491677336748,6.80407656544927,1435.70774057606,,,,329.790513349971
Maine,2024-10-01,5926019,,,,552.285088536813,1338,10730,,,,2419,4.43571723852832,55.3121124431583,8.32680277652878,1507.70008992806,,,,339.899955035971
Maine,2024-11-01,,,,,,,,,,,,,,,,,,,
Maine,2024-12-01,,,,,,,,,,,,,,,,,,,
Maine,2025-01-01,,,,,,,,,,,,,,,,,,,
Maine,2025-02-01,,,,,,,,,,,,,,,,,,,
Maine,2025-03-01,11488991.22,,,1305,863.639120499136,1469,13303,,,9.80981733443584,2593,5.13035094485152,56.6525260316236,16.4527307200456,1905.04694953337,186.881625884466,,,371.328778481547
Maine,2025-04-01,12642867.55,,,1489,932.708782736998,1495,13555,,,10.9848764293619,2628,5.15791476407915,56.8873668188737,18.1180523928605,1942.51975838522,213.383395074555,,,376.609511253144
Maine,2025-05-01,14400000,,,,1021.27659574468,1500,14100,,,,2700,5.22222222222222,55.5555555555556,20.4637308792015,2003.74031525514,,,,383.694953985027
Maine,2025-06-01,16100000,,,,1073.33333333333,1600,15000,,,,2800,5.35714285714286,57.1428571428571,22.5088252769914,2097.09552270106,,,,391.457830904198
Maryland,2018-03-01,,,,,,,,,,,,,,,,,,,
Maryland,2018-04-01,,,,,,,,,,,,,,,,,,,
Maryland,2018-05-01,,,,,,,,,,,,,,,,,,,
Maryland,2018-06-01,,,,,,,,,,,,,,,,,,,
Maryland,2018-07-01,,,,,,,,,,,,,,,,,,,
Maryland,2018-08-01,,,,,,,,,,,,,,,,,,,
Maryland,2018-09-01,,,,,,,,,,,,,,,,,,,
Maryland,2018-10-01,,,,,,,,,,,,,,,,,,,
Maryland,2018-11-01,,,,,,,,,,,,,,,,,,,
Maryland,2018-12-01,,,,,,,,,,,,,,,,,,,
Maryland,2019-01-01,,,,,,,,,,,,,,,,,,,
Maryland,2019-02-01,,,,,,,,,,,,,,,,,,,
Maryland,2019-03-01,,,,,,,,,,,,,,,,,,,
Maryland,2019-04-01,,,,,,,,,,,,,,,,,,,
Maryland,2019-05-01,,,,,,,,,,,,,,,,,,,
Maryland,2019-06-01,,,,,,,,,,,,,,,,,,,
Maryland,2019-07-01,,,,,,,,,,,,,,,,,,,
Maryland,2019-08-01,,,,,,,,,,,,,,,,,,,
Maryland,2019-09-01,,,,,,,,,,,,,,,,,,,
Maryland,2019-10-01,,,,,,,,,,,,,,,,,,,
Maryland,2019-11-01,,,,,,,,,,,,,,,,,,,
Maryland,2019-12-01,,,,,,,,,,,,,,,,,,,
Maryland,2020-01-01,,,,,,,,,,,,,,,,,,,
Maryland,2020-02-01,,,,,,,,,,,,,,,,,,,
Maryland,2020-03-01,,,,,,,,,,,,,,,,,,,
Maryland,2020-04-01,,,,,,,,,,,,,,,,,,,
Maryland,2020-05-01,,,,,,,,,,,,,,,,,,,
Maryland,2020-06-01,,,,,,,,,,,,,,,,,,,
Maryland,2020-07-01,,,,,,,,,,,,,,,,,,,
Maryland,2020-08-01,,,,,,,,,,,,,,,,,,,
Maryland,2020-09-01,,,,,,,,,,,,,,,,,,,
Maryland,2020-10-01,,,,,,,,,,,,,,,,,,,
Maryland,2020-11-01,,,,,,,,,,,,,,,,,,,
Maryland,2020-12-01,,,,,,,,,,,,,,,,,,,
Maryland,2021-01-01,,,,,,,,,,,,,,,,,,,
Maryland,2021-02-01,,,,,,,,,,,,,,,,,,,
Maryland,2021-03-01,,,,,,,,,,,,,,,,,,,
Maryland,2021-04-01,,,,,,,,,,,,,,,,,,,
Maryland,2021-05-01,,,,,,,,,,,,,,,,,,,
Maryland,2021-06-01,,,,,,,,,,,,,,,,,,,
Maryland,2021-07-01,,,,,,,,,,,,,,,,,,,
Maryland,2021-08-01,,,,,,,,,,,,,,,,,,,
Maryland,2021-09-01,,,,,,,,,,,,,,,,,,,
Maryland,2021-10-01,,,,,,,,,,,,,,,,,,,
Maryland,2021-11-01,,,,,,,,,,,,,,,,,,,
Maryland,2021-12-01,,,,,,,,,,,,,,,,,,,
Maryland,2022-01-01,,,,,,,,,,,,,,,,,,,
Maryland,2022-02-01,,,,,,,,,,,,,,,,,,,
Maryland,2022-03-01,,,,,,,,,,,,,,,,,,,
Maryland,2022-04-01,,,,,,,,,,,,,,,,,,,
Maryland,2022-05-01,,,,,,,,,,,,,,,,,,,
Maryland,2022-06-01,,,,,,,,,,,,,,,,,,,
Maryland,2022-07-01,,,,,,,,,,,,,,,,,,,
Maryland,2022-08-01,28283.93,,,3,162.55132183908,15,174,,,1.72413793103448,24,7.25,62.5,0.00886642739834414,5.45454032488371,0.0940437987048915,,,0.752350389639132
Maryland,2022-09-01,55699.34,,,5,281.309797979798,16,198,,,2.52525252525253,147,1.3469387755102,10.8843537414966,0.0175962426364223,6.25511189542211,0.157957371096518,,,4.64394671023763
Maryland,2022-10-01,82883.1,,,8,380.197706422018,16,218,,,3.6697247706422,461,0.472885032537961,3.470715835141,0.0260733051491279,6.85782810067418,0.251663416538502,,,14.5021043780312
Maryland,2022-11-01,129203.98,,,14,357.905761772853,54,361,,,3.8781163434903,1036,0.348455598455598,5.21235521235521,0.0409161321132341,11.4320965134956,0.443350003293457,,,32.8079002437158
Maryland,2022-12-01,211198.51,,,22,365.395346020761,115,578,,,3.80622837370242,1242,0.465378421900161,9.25925925925926,0.066790522003869,18.2789744673086,0.695739512596522,,,39.2776579384037
Maryland,2023-01-01,400900.85,,,54,263.750559210526,318,1520,,,3.55263157894737,1284,1.18380062305296,24.7663551401869,0.127106003138171,48.1917473534963,1.71207523492684,,,40.7093444749271
Maryland,2023-02-01,649623,,,110,302.009762900976,414,2151,,,5.11390051139005,1554,1.38416988416988,26.6409266409266,0.205039837110202,67.8917910271103,3.47191864852726,,,49.0487416346487
Maryland,2023-03-01,988267,,,159,406.526943644591,470,2431,,,6.54051830522419,1687,1.44101956135151,27.860106698281,0.309396151750997,76.1071699152834,4.97780337989719,,,52.8148069301041
Maryland,2023-04-01,1288760,,,202,457.16920893934,526,2819,,,7.16566158212132,1771,1.59175607001694,29.7007340485601,0.405467691358029,88.6909449345326,6.35529296799418,,,55.7189299322658
Maryland,2023-05-01,1669120,,,255,512.471599631563,557,3257,,,7.8292907583666,1847,1.7634001082837,30.1570113697888,0.524938114277322,102.432625467386,8.01974807927033,,,58.0881360878914
Maryland,2023-06-01,2118168,,,321,574.029268292683,584,3690,,,8.69918699186992,1878,1.96485623003195,31.0969116080937,0.658722813512263,114.754220716216,9.98268424116672,,,58.4033676165455
Maryland,2023-07-01,2547885,342,97,399,648.977330616404,634,3926,8.7111563932756,2.47070809984717,10.1630157921549,1949,2.0143663417137,32.5295023088763,0.7842826721729,120.849008921156,12.2819038613198,10.5273461668455,2.98582625200004,59.9935604654441
Maryland,2023-08-01,2990681,395,115,459,708.356466129796,655,4222,9.35575556608243,2.7238275698721,10.8716248223591,1995,2.11629072681704,32.8320802005013,0.928739078155317,131.111823292814,14.2539855261491,12.2665017055096,3.57125999021164,61.9535972214976
Maryland,2023-09-01,3319062,460,145,538,751.258940697148,672,4418,10.4119511090991,3.28202806699864,12.1774558623812,2071,2.13326895219701,32.4480927088363,1.03734010837017,138.080234680142,16.8146596328466,14.3768465262257,4.53183205717984,64.7270633822032
Maryland,2023-10-01,3685668,535,181,635,756.034461538462,696,4875,10.974358974359,3.71282051282051,13.025641025641,2137,2.2812353766963,32.5690219934488,1.14736322391413,151.760704343998,19.7678045658336,16.654764476726,5.63460256128486,66.5256667042307
Maryland,2023-11-01,4310312,598,209,710,799.983667409057,721,5388,11.0987379361544,3.87899034892353,13.177431328879,2764,1.9493487698987,26.0853835021708,1.34143447162356,167.682732319789,22.0962769018281,18.6106670243566,6.50439700349588,86.0198723333139
Maryland,2023-12-01,4963754,669,249,797,841.314237288136,780,5900,11.3389830508475,4.22033898305085,13.5084745762712,3249,1.8159433671899,24.0073868882733,1.55015583523313,184.254083257862,24.8899159926298,20.8925392711033,7.77614690359452,101.464663814372
Maryland,2024-01-01,5517132,833,289,978,842.696196731327,780,6547,12.723384756377,4.41423552772262,14.9381396059264,3250,2.01446153846154,24,1.71715089868928,203.76867788769,30.4392495760136,25.9262729006333,8.9948293736891,101.152925482663
Maryland,2024-02-01,6265717,937,338,1095,861.859284731774,1059,7270,12.888583218707,4.64924346629986,15.0618982118294,3497,2.07892479267944,30.2830997998284,1.94149322011473,225.268005405193,33.9296376779486,29.0338543417697,10.4732580229649,108.35793877606
Maryland,2024-03-01,7021930,1058,371,1223,915.505867014342,1113,7670,13.7940026075619,4.83702737940026,15.9452411994785,3643,2.10540763107329,30.5517430688993,2.15866035068282,235.788805780423,37.5970938030582,32.5247140176906,11.4051690931599,111.991997321783
Maryland,2024-04-01,7625272,1190,416,1371,943.021518674252,1157,8086,14.7167944595597,5.14469453376206,16.9552312639129,3713,2.17775383786695,31.1607864260706,2.3596965213589,250.227219064554,42.4266036776531,36.8254255116026,12.8734260611989,114.901516743345
Maryland,2024-05-01,8516601,1302,468,1506,1008.71739902878,1182,8443,15.4210588653322,5.54305341703186,17.8372616368589,3766,2.24190122145512,31.3860860329262,2.64107839938871,261.825403421376,46.7024822400322,40.3762495860039,14.513121971006,116.787216544463
Maryland,2024-06-01,9181565,1399,518,1624,1050.04174290942,1189,8744,15.9995425434584,5.92406221408966,18.5727355901189,3812,2.29380902413431,31.1909758656873,2.8036314579788,267.001905106228,49.5895578559601,42.7190833993153,15.8173589712976,116.401105016576
Maryland,2024-07-01,9975059,1531,579,1764,1122.93808398064,1205,8883,17.2351682989981,6.51806822019588,19.8581560283688,3841,2.31267898984639,31.3720385316324,3.01481254021615,268.475402448648,53.3142643160436,46.2721874534369,17.4994098860483,116.088485962542
Maryland,2024-08-01,10842985,1614,623,1863,1183.47358655315,1234,9162,17.6162409954159,6.79982536564069,20.3339882121807,3900,2.34923076923077,31.6410256410256,3.31455247365977,280.069830989076,56.9493664191932,49.3377763824894,19.0442594091022,119.217675273673
Maryland,2024-09-01,11673974,1686,666,1945,1234.55731810491,1256,9456,17.8299492385787,7.04314720812183,20.5689509306261,3975,2.3788679245283,31.5974842767296,3.59492435214078,291.191368713372,59.8950097448719,51.9192732287167,20.5090367558276,122.407539195818
Maryland,2024-10-01,12182630,1812,717,2084,1266.25402764785,1283,9621,18.8338010601809,7.45244777050203,21.660950005197,4247,2.26536378620203,30.2095596891924,3.74371994415748,295.653151928107,64.0412814279362,55.6827264622939,22.0333967292851,130.510231393688
Maryland,2024-11-01,13085160,1889,779,2191,1304.73227639844,1331,10029,18.835377405524,7.76747432445907,21.8466447302822,4727,2.12164163317114,28.1573936957901,4.04156725026987,309.762188257205,67.6726447772996,58.3448772178543,24.060698439761,146.001182958601
Maryland,2024-12-01,13689206,1981,850,2330,1272.58585107372,1439,10757,18.4159152179976,7.90183136562239,21.6603142140002,5206,2.06626968882059,27.641183250096,4.23810228505476,333.03075635164,72.1355082550266,61.3306617395741,26.3155287625633,161.1748738093
Maryland,2025-01-01,14676675,2103,908,2485,1276.45460080014,1604,11498,18.2901374152026,7.89702556966429,21.6124543398852,5326,2.15884340968832,30.1164100638378,4.5530670364545,356.69635517005,77.0908368931617,65.2402535156214,28.1684023738394,165.225672954921
Maryland,2025-02-01,15531674,2211,969,2626,1287.43982095491,1674,12064,18.3272546419098,8.03216180371353,21.7672413793103,5365,2.24864864864865,31.2022367194781,4.84004909954562,375.943715641459,81.8325760340244,68.9001620758675,30.1964075312146,167.18650815786
Maryland,2025-03-01,16176566,2326,1030,2767,1281.10921042211,1705,12627,18.4208442226974,8.15712362398036,21.9133602597608,5246,2.40697674418605,32.5009531071292,5.00814569181725,390.922620107237,85.664282080995,72.0112468812412,31.8880413962504,162.412296276436
Maryland,2025-04-01,17177523,2478,1114,2961,1342.3085879503,1715,12797,19.3639134172072,8.70516527311088,23.1382355239509,5275,2.42597156398104,32.5118483412322,5.32446507446957,396.664755203571,91.7812252995056,76.8098197541962,34.5303225206516,163.507586442044
Maryland,2025-05-01,18569913,2607,1167,3108,1409.1601912278,1730,13178,19.7829716193656,8.85566853847321,23.5847624829261,5333,2.47102943933996,32.4395274704669,5.77450139885386,409.783176873775,96.6463889606688,81.0672895818738,36.289039870367,165.835003966296
Maryland,2025-06-01,19878138,2735,1227,3258,1472.89107883817,1741,13496,20.2652637818613,9.09158269116775,24.1404860699467,5363,2.51650195785941,32.4631735968674,6.08567833503757,413.179115718318,99.7434468739093,83.7318376918791,37.5645209681666,164.187877711718
Oregon,2018-03-01,2e+06,,,,,,,,,,362,,,0.964326663728685,,,,,17.4543126134892
Oregon,2018-04-01,,,,,,,10242,,,,752,13.6196808510638,,,496.221170649792,,,,36.4341261793247
Oregon,2018-05-01,4451448,,,,372.630838774485,,11946,,,,,,,2.15198619309365,577.511566184682,,,,
Oregon,2018-06-01,,,,,,,14486,,,,,,,,693.444161852146,,,,
Oregon,2018-07-01,,,,,,,,,,,,,,,,,,,
Oregon,2018-08-01,6679928,,,,374.645429052159,524,17830,,,,846,21.0756501182033,61.9385342789598,3.21223895468386,857.407752928074,,,,40.6823869308553
Oregon,2018-09-01,7730532,,,,403.514563106796,569,19158,,,,902,21.2394678492239,63.0820399113082,3.72403387722325,922.899497988534,,,,43.4521008030931
Oregon,2018-10-01,8814097,,,,435.135120458136,620,20256,,,,1001,20.2357642357642,61.938061938062,4.22554243737383,971.087425194484,,,,47.9886706467061
Oregon,2018-11-01,9910995,,,,462.849437257741,666,21413,,,,1184,18.0853040540541,56.25,4.7566276543973,1027.683577316,,,,56.8242355364563
Oregon,2018-12-01,10948439,,,,478.452956343137,745,22883,,,,1740,13.1511494252874,42.816091954023,5.27614255615676,1102.75053925528,,,,83.8520271950437
Oregon,2019-01-01,12531133,,,,480.967720887388,1039,26054,,,,2162,12.0508788159112,48.0573543015726,5.99790116371737,1247.04858626504,,,,103.481962213289
Oregon,2019-02-01,14164566,,,,475.8,1324,29770,,,,2368,12.5717905405405,55.9121621621622,6.79015036101793,1427.10179928918,,,,113.516192835633
Oregon,2019-03-01,15211620,,,,461.181785107931,1540,32984,,,,2600,12.6861538461538,59.2307692307692,7.29501675373236,1581.80938391248,,,,124.687860725578
Oregon,2019-04-01,18420364,,,,523.707502914167,1677,35173,,,,3029,11.6120831957742,55.3648068669528,8.86194308454954,1692.15507420408,,,,145.723643697272
Oregon,2019-05-01,20380644,,,,546.896473997746,1862,37266,,,,4288,8.69076492537313,43.4235074626866,9.8071752763053,1793.2416357736,,,,206.338757424923
Oregon,2019-06-01,22780423,,,,559.385693939692,2299,40724,,,,4990,8.16112224448898,46.0721442885772,10.8582340396933,1941.09970228591,,,,237.84715436614
Oregon,2019-07-01,25487492,,,,569.247599053022,2807,44774,,,,5403,8.28687766055895,51.9526189154174,12.0723140720952,2120.74922971626,,,,255.916560686044
Oregon,2019-08-01,28541770,,,,592.509393618567,3130,48171,,,,5897,8.16872986264202,53.0778361878922,13.535713049297,2284.47231302644,,,,279.660651219964
Oregon,2019-09-01,31326977,,,,617.243847654326,3370,50753,,,,6261,8.10621306500559,53.8252675291487,14.9944726179678,2429.26238551432,,,,299.67906913296
Oregon,2019-10-01,34599000,,,,651.741480965208,3568,53087,,,,7102,7.47493663756688,50.239369191777,16.4973100501561,2531.26592858938,,,,338.633763912855
Oregon,2019-11-01,37572465,,,,679.049086407258,3842,55331,,,,9097,6.08233483566011,42.2337034187095,17.9618809545322,2645.15206839696,,,,434.890899607943
Oregon,2019-12-01,40955951,,,,698.680479025572,4380,58619,,,,10118,5.79353627199051,43.2891875864795,19.685742479649,2817.56011089706,,,,486.328207612829
Oregon,2020-01-01,43800314,,,,701.658240420351,4988,62424,,,,10541,5.9220187837966,47.3199886158808,21.092514089265,3006.09511499913,,,,507.613235409551
Oregon,2020-02-01,45924890,,,,706.319440172255,5285,65020,,,,10799,6.02092786369108,48.9397166404297,21.9920143775682,3113.60740293441,,,,517.130826580879
Oregon,2020-03-01,46711651,,,,700.146154653237,5444,66717,,,,10978,6.07733649116415,49.590089269448,22.4780140936161,3210.47454795333,,,,528.269999961503
Oregon,2020-04-01,51054705,,,,753.786375514905,5537,67731,,,,11088,6.10849567099567,49.9368686868687,25.1695174701272,3339.07832347515,,,,546.62858145742
Oregon,2020-05-01,,,,,,,,,,,,,,,,,,,
Oregon,2020-06-01,5.8e+07,,,,827.932737602421,5720,70054,,,,,,,27.4667900462247,3317.51467223832,,,,
Oregon,2020-07-01,,,,,,,,,,,,,,,,,,,
Oregon,2020-08-01,,,,,,,,,,,14182,,,,,,,,663.092953176249
Oregon,2020-09-01,69167837,,,17724,930.513190642111,6038,74333,,,23.8440531123458,14235,5.22184755883386,42.416578854935,32.4578025985825,3488.16147100339,831.719073790432,,,667.99373817461
Oregon,2020-10-01,71325749,,,18415,939.498004452114,6152,75919,,,24.2561150700088,14384,5.27801724137931,42.769744160178,33.2476179200098,3538.87052047533,858.392505625116,,,670.492413842611
Oregon,2020-11-01,79106584,,,18994,923.538152610442,6295,85656,,,22.1747454936023,15634,5.4788281949597,40.2648074708968,37.1050628482121,4017.70763268764,890.916442225518,,,733.315134134661
Oregon,2020-12-01,8.5e+07,,,19697,966.908962677314,6531,87909,,,22.4061245151236,16292,5.39583844831819,40.0871593420084,39.9258975341766,4129.23026627286,925.200474977266,,,765.26202661977
Oregon,2021-01-01,8.8e+07,,,20612,979.32293173674,6857,89858,,,22.9384139419974,16704,5.37943007662835,41.0500478927203,41.6392817413169,4251.84383944461,975.305540059118,,,790.389275235179
Oregon,2021-02-01,9.2e+07,,,21379,906.180743659197,7109,101525,,,21.0578675203152,16856,6.02307783578548,42.1748932130992,43.3203748907573,4780.5446312871,1006.68075520598,,,793.704607781093
Oregon,2021-03-01,9.9e+07,,,22219,945.477466120391,7291,104709,,,21.2197614340697,16940,6.18116883116883,43.0401416765053,46.0533660823937,4870.9110193145,1033.59569796435,,,788.024264076514
Oregon,2021-04-01,107217000,,,22916,1004.66646051781,7404,106719,,,21.4732147040358,16857,6.3308417867948,43.9224061220858,49.8975215288559,4966.57582289933,1066.48348988991,,,784.50480839039
Oregon,2021-05-01,113149000,,,23518,1041.2165271004,7479,108670,,,21.6416674335143,16919,6.42295643950588,44.2047402328743,52.9616173492839,5086.51332079531,1100.80629684793,,,791.927108443322
Oregon,2021-06-01,118898674,,,24258,1080.43539578544,7549,110047,,,22.0433087680718,16969,6.48517885556014,44.4870057163062,55.3331071584806,5121.37119667905,1128.91966604306,,,789.703925017917
Oregon,2021-07-01,125013352,,,25004,1126.96726735119,7592,110929,,,22.5405439515366,17026,6.51527076236344,44.5906261012569,57.8923382348242,5137.00263636705,1157.90833704191,,,788.455740940469
Oregon,2021-08-01,131548621,,,25666,1175.42282604811,7647,111916,,,22.933271382108,17030,6.57169700528479,44.9031121550206,61.1702405868685,5204.10521484674,1193.47157193124,,,791.896706537403
Oregon,2021-09-01,133535002,,,26496,1185.14477164208,7677,112674,,,23.5156291602322,17021,6.61970507020739,45.1031079255038,62.4952916173895,5273.22004136244,1240.03086972983,,,796.594407973713
Oregon,2021-10-01,140695842,,,27475,1251.47514765531,7691,112424,,,24.4387319433573,17012,6.60851163884317,45.2092640489067,65.6787221259808,5248.10438697348,1282.57016324002,,,794.143170774859
Oregon,2021-11-01,,,,,,,,,,,,,,,,,,,
Oregon,2021-12-01,150010539,,,20314,1331.19061310332,17025,112689,,,18.0266041938432,17025,6.61903083700441,100,69.9672431717934,5255.98982467907,947.476482163571,,,794.072418471734
Oregon,2022-01-01,147278855,,,21069,1289.25080535033,17012,114236,,,18.443397878077,17012,6.71502468845521,100,68.5160698601383,5314.40970025382,980.157725888929,,,791.420723946199
Oregon,2022-02-01,148076981,,,22503,1294.82062066614,17000,114361,,,19.6771626690917,17000,6.72711764705882,100,68.4529362599933,5286.67331732614,1040.26730843373,,,785.874960821822
Oregon,2022-03-01,153896905,,,23863,1340.05176587371,5338,114844,,,20.7786214342935,16984,6.76189354686764,31.4295807819124,70.9405995361802,5293.8700834387,1099.99322386104,,,782.897578429199
Oregon,2022-04-01,147788686,,,24756,1291.54303142587,5301,114428,,,21.6345649666166,17001,6.73066290218223,31.1805187930122,68.4687111562045,5301.31087313556,1146.91554493082,,,787.635772312525
Oregon,2022-05-01,151300357,,,26328,1323.58528050669,5280,114311,,,23.0319041911977,16949,6.7444096996873,31.1522803705233,70.2867707416329,5310.33185218908,1223.07054443084,,,787.367922271284
Oregon,2022-06-01,146004291,,,27577,1269.09489247779,5252,115046,,,23.9704118352659,17037,6.75271467981452,30.8270235370077,67.6439968643759,5330.09763614344,1277.64635460536,,,789.32664696709
Oregon,2022-07-01,158032364,,,28379,1380.38821145313,5200,114484,,,24.7886167499389,17074,6.70516574909219,30.4556635820546,72.2736635197475,5235.74911174193,1297.86978129803,,,780.853047883387
Oregon,2022-08-01,156901495,,,30073,1368.50203223668,5232,114652,,,26.2298084638733,17121,6.69657146194732,30.5589626774137,71.6965391784267,5239.0524449018,1374.19342161961,,,782.348471105291
Oregon,2022-09-01,148185293,,,31153,1282.22354610666,5262,115569,,,26.9561906739697,17187,6.72421015884098,30.6161633792983,68.2644653721543,5323.91294633706,1435.12412513077,,,791.752907861926
Oregon,2022-10-01,156888309,,,32133,1369.59353475744,5295,114551,,,28.0512610103797,17242,6.64371882612226,30.7098944438,72.5908964510169,5300.17808998148,1486.76679003566,,,797.772787906353
Oregon,2022-11-01,170449511,,,33568,1484.94586400662,5252,114785,,,29.2442392298645,17291,6.63842461396102,30.3741831010352,79.5208816975949,5355.13675111595,1566.06900258274,,,806.687890957407
Oregon,2022-12-01,168705846,,,34521,1456.08042256803,5234,115863,,,29.79467129282,17671,6.55667477788467,29.6191500198065,78.820658613253,5413.20777283991,1612.84746231503,,,825.602604402217
Oregon,2023-01-01,182053048,,,35970,1589.78856733675,5261,114514,,,31.4110065144873,18054,6.34286030796499,29.1403567076548,84.3635342469435,5306.588308675,1666.85279933493,,,836.623865420983
Oregon,2023-02-01,180914234,,,37208,1570.21797319817,5361,115216,,,32.2941258158589,19552,5.89279869067103,27.4191898527005,83.5746215531646,5322.48534787451,1718.85011477325,,,903.218593959541
Oregon,2023-03-01,189647528,,,38247,1629.75033944623,5460,116366,,,32.8678479968376,20221,5.75471044953266,27.0016319667672,87.6195124475385,5376.25367068864,1767.05888440634,,,934.23530477111
Oregon,2023-04-01,194526372,,,39404,1671.43287249856,5737,116383,,,33.8571784538979,20413,5.70141576446382,28.1046392005095,90.4006889039252,5408.57430719241,1831.19065499781,,,948.637063254244
Oregon,2023-05-01,195790104,,,40631,1665.41998264745,6002,117562,,,34.5613378472636,21576,5.44873934000742,27.8179458657768,90.6082042980448,5440.56185479463,1880.33096342492,,,998.499196841233
Oregon,2023-06-01,208222978,,,41627,1753.84065563829,6168,118724,,,35.0619925204676,22836,5.19898406025574,27.0099842354178,95.3612809059879,5437.28306214241,1906.41978056502,,,1045.83568618884
Oregon,2023-07-01,217060589,,,42894,1827.86325167788,6387,118751,,,36.1209589813981,25405,4.67431607951191,25.1407203306436,99.3253204292219,5433.95794723957,1962.79772118883,,,1162.51401377354
Oregon,2023-08-01,215524438,,,44040,1792.16888548882,6685,120259,,,36.6209597618473,26289,4.57449883981894,25.4288866065655,98.3347665920533,5486.91406196532,2009.36059079946,,,1199.45687037982
Oregon,2023-09-01,211520601,,,44914,1731.1786500577,7021,122183,,,36.7596146763461,27349,4.46754908771802,25.6718710007679,96.6375690274547,5582.1835039517,2051.9891465792,,,1249.49572894409
Oregon,2023-10-01,209026488,,,46306,1713.47231740307,7259,121990,,,37.9588490859907,27843,4.38135258413246,26.0711848579535,95.8197569970501,5592.13919150292,2122.71167638113,,,1276.34995908694
Oregon,2023-11-01,228849547,,,47348,1854.23389239994,7459,123420,,,38.3633122670556,28028,4.40345368916798,26.6126730412445,104.572238608869,5639.64659676892,2163.55523467684,,,1280.73257830367
Oregon,2023-12-01,243643288,,,48227,1955.87451232239,7534,124570,,,38.7147788392069,28215,4.41502746765905,26.702108807372,111.903934038013,5721.42708200329,2215.03784124406,,,1295.89841148529
Oregon,2024-01-01,245524603,,,49860,1984.08529499705,7586,123747,,,40.2918858638997,28360,4.36343441466855,26.7489421720733,113.228569201779,5706.83979601531,2299.3933770461,,,1307.87798180961
Oregon,2024-02-01,26088401,,,51140,208.745617193564,7583,124977,,,40.9195291933716,28468,4.3900871153576,26.6369256709288,11.9273257196152,5713.80893164112,2338.06371383636,,,1301.52518196116
Oregon,2024-03-01,273059076,,,51941,2163.11830410191,7514,126234,,,41.1466007573237,28582,4.4165558743265,26.2892729690015,124.388023068303,5750.40314865936,2366.09542551544,,,1302.01073240951
Oregon,2024-04-01,268095001,,,53167,2133.30840846337,7509,125671,,,42.3064987148984,28659,4.38504483757284,26.2011933424055,122.366962129891,5736.01836679736,2426.70853663546,,,1308.08659415494
Oregon,2024-05-01,282151449,,,54017,2226.16987920437,7560,126743,,,42.6193162541521,28728,4.41182818156502,26.3157894736842,129.073738398176,5798.01836346411,2471.07578279858,,,1314.19858726397
Oregon,2024-06-01,289794615,,,54784,2269.03712896482,7531,127717,,,42.8948378054605,29131,4.38422985822663,25.8521849576053,131.767349917473,5807.19232115819,2490.98572721196,,,1324.56383651087
Oregon,2024-07-01,300640130,,,55785,2358.75730638568,7529,127457,,,43.767702048534,30489,4.18042572731149,24.694151989242,135.802873613582,5757.39069237573,2519.87760400904,,,1377.22592576197
Oregon,2024-08-01,312328485,,,56528,2417.19733614011,7761,129211,,,43.7485972556516,31163,4.14629528607644,24.9045342232776,141.1242756349,5838.34317227294,2554.19324084052,,,1408.0866820746
Oregon,2024-09-01,323422013,,,57233,2472.81550718322,8017,130791,,,43.7591271570674,31433,4.16094550313365,25.5050424712881,146.437568142715,5921.89622385221,2591.37009870506,,,1423.20927284252
Oregon,2024-10-01,318991950,,,58303,2440.60496396383,8228,130702,,,44.6075806032042,31552,4.14243154158215,26.0775862068966,144.158257222782,5906.66082185838,2634.81848706836,,,1425.89219944053
Oregon,2024-11-01,334041420,,,59072,2529.6586141613,8276,132050,,,44.734570238546,31636,4.17404223037046,26.1600708054116,151.506861865553,5989.22166878176,2679.25257416339,,,1434.87328067838
Oregon,2024-12-01,329220187,,,59914,2474.5211133159,8293,133044,,,45.0332220919395,31723,4.19392869526842,26.141915960029,150.101027937505,6065.86167843875,2731.65296144117,,,1446.3435406716
Oregon,2025-01-01,341216352,,,61267,2576.59841877534,8259,132429,,,46.2640358229693,31738,4.17256915999748,26.02243367572,155.459219196562,6033.50596133843,2791.3433593346,,,1445.99303929622
Oregon,2025-02-01,345910539,,,62190,2596.77000630593,8229,133208,,,46.68638520209,31793,4.18985311232032,25.8830560186204,156.929189845417,6043.24562684927,2821.37293205931,,,1442.35262307383
Oregon,2025-03-01,341317335,,,62983,2537.39237259785,8130,134515,,,46.822287477233,31890,4.21809344622139,25.4938852304798,154.38620690591,6084.44356391934,2848.87565688831,,,1442.46296140496
Oregon,2025-04-01,347447049,,,64025,2589.6996161443,8124,134165,,,47.7210897029777,31954,4.1986918695625,25.4240470676598,158.055843839773,6103.2500779027,2912.537444473,,,1453.60752051059
Oregon,2025-05-01,366248339,,,64816,2690.70747744571,8152,136116,,,47.6182079990596,31992,4.25468867216804,25.4813703425856,166.212768284509,6177.28867510691,2941.51417001476,,,1451.87795185004
Oregon,2025-06-01,,,,,,,,,,,,,,,,,,,
